0.2904053,-0.36647254,-1.0157655,-1.49441,-0.2615017,-0.990417,0.5381384,0.88805217,0.7687355,0.51266366,1.9735173,-0.8328455,0.77511114,-0.59005713,-1.101407,-0.7319143,-0.5348859,0.11485006,-0.50589865,-1.3171848,1.1520456,-0.4320515,0.7458637,-0.85257804,0.8122438,0.676412,-0.3276077,-0.48562834,-0.6513062,-0.06802629,-0.65554523,-0.2586089,0.5345963,-0.8723897,-0.99046963,-0.44937912,-0.18639788,-1.6300087,1.377917,-0.25064766,0.8952036,-0.7074387,-0.5701002,-1.0902948,0.08019371,3.7947154,0.35771543,1.1502316,0.88614875,0.3046767,0.3567525,-0.09243429,0.016683377,0.73515385,-0.80985844,-0.08017163,0.9072767,-0.38672262,-0.19798538,-1.4010444,-0.020589285,-0.33480042,0.21783507,0.3585711,0.1459916,-0.73930025,-0.34330386,-2.5655136,0.3283468,-0.36218932,0.9649943,0.8602184,-2.1033318,0.40204686,-0.2745445,-0.4976292,-0.70785093,0.5909638,0.97846866,-1.2019603,0.3167881,-1.0641695,1.2478824,-0.8272395,-1.4049578,0.3885967,0.7663421,-1.6556329,-1.591875,-1.302623,0.29027632,0.04491152,1.486726,0.2940383,1.7133071,0.31747147,-0.009410406,-1.8337103,-0.2687369,1.9621818,0.28281492,0.112093925,1.6074774,-0.8994739,1.2170585,-0.31829715,-0.42304292,0.12075935,-0.92016757,-0.60886776,2.4343112,-0.21384808,0.371821,0.07219298,0.2597996,0.7516446,-1.0051163,-1.5042981,0.2422528,-1.752747,0.5535215,-2.011549,1.2794206,-1.4427385,0.4706416,-0.78457105,-0.22792484,-0.7787738
0.054959178,-1.4217267,-0.6065209,-1.1590278,-0.45343247,0.73621535,-0.40762573,2.6889827,-0.65982646,0.5925311,1.6183741,-0.64126825,1.8180411,-1.3325492,-2.6380851,-0.8531677,-1.8947831,0.4344707,-1.7276356,0.3210261,0.19318268,1.5821337,0.047849473,0.3336404,-0.08001211,0.4284378,0.84387857,-0.9525025,0.75313145,0.5358958,-0.22439137,-0.7476666,0.44931227,-2.3363914,-1.6408598,-0.6603136,0.046542317,-1.4038615,1.1676713,-0.98006874,0.11901677,0.54897714,-2.5314927,-0.8561452,0.80845684,1.6061884,0.09546943,0.45534027,0.8863256,-0.57619786,-0.6488086,1.1593039,-0.4591961,1.9186552,-0.72053033,-0.24053374,-0.50894815,-0.8962694,-0.75613534,-0.6085751,-0.1175286,0.06446776,0.20116457,0.23317161,0.7745357,-0.39353663,0.33182704,-1.8773899,-0.17745687,-0.7800108,1.2969704,1.6517752,-0.9513963,1.4067364,0.18158948,0.49955356,-1.4078944,-0.74652505,1.8482436,-0.6889433,0.47630927,-0.46016353,1.8783019,1.0071363,0.38009793,-1.0914824,-0.6361803,-0.14361808,-1.5939243,-0.88993955,1.7517906,-0.8020841,0.7450123,1.0349677,0.9534836,-0.752146,-0.21585804,-1.9174916,-0.7810202,2.3010533,0.002863579,-0.22622094,0.7135108,-1.6687745,-0.15228474,-1.0072992,-0.913258,0.7743683,-1.1213384,-0.2103515,2.6495078,-1.7579165,-0.5178616,-1.0386288,0.24671233,1.6006112,-0.3566993,-0.89793557,1.279671,-0.09294003,-0.30467936,-2.4056165,1.6328728,-1.3175198,-0.18063259,-0.08226051,1.1953036,1.5757635
1.3652799,-2.4586532,-0.013517812,-1.520348,0.53271264,0.15754968,0.329616,1.3261034,-0.8236077,-0.08444795,1.3292252,-1.59045,1.1497843,-1.4344838,-2.5579658,-0.45355082,0.273206,-0.63882357,-0.20407948,-0.7751229,-0.46294135,0.87429667,0.28060293,-0.2886708,-0.13782585,0.39575136,-0.16565381,-1.948649,0.5643213,0.20580366,0.0154071,-0.41641107,-1.0516489,-1.380821,-2.383823,0.5956005,-0.41717735,-0.062461615,0.9920771,-0.66224426,-0.29236266,-0.486356,-1.1014668,-0.29389626,0.6994919,1.4616495,0.4785956,0.42684767,1.5402216,-1.0935186,-0.3440816,-0.19994059,-0.3053451,2.448541,-2.0793035,0.2999348,0.412085,0.7972369,-0.7438957,-0.15587574,0.5258133,1.0290495,-0.6141714,0.44372475,0.65117997,0.00946667,-0.12741953,-2.270806,0.23597832,-0.8551383,0.5581323,0.9215459,-0.33246168,-0.24990082,-0.40322724,-0.23722202,-0.5699973,0.22343668,0.16481882,-0.33631092,0.34066653,-1.8912499,2.1547709,1.2059166,0.77637035,-0.2625926,-0.44817352,-0.71002233,-1.0104351,0.31390786,1.297185,-0.5973121,0.7439664,1.0460037,-0.35267535,-1.1388035,0.8382398,-1.27434,-0.673626,2.7029335,-0.39164123,0.54224116,0.50929195,-1.1439205,0.62702787,-1.0536506,-1.6323711,0.29830292,-0.7128725,0.26263282,1.1667236,-2.035514,-1.2044792,-0.7677804,1.194091,0.6989058,-0.24167949,-1.1332059,1.2926639,-0.80000836,-0.8144166,-1.5127132,1.1179899,-2.2239277,0.47381952,-1.0555575,1.6224647,0.685803
-0.002811566,-1.6996028,-0.58496386,-1.0674427,0.22242934,0.50910157,-0.34822544,0.67647266,-1.2445663,0.9216749,1.3753961,-1.4324832,1.5284728,-1.7870045,-1.1988066,-1.3504304,-0.91002244,1.0647637,-1.0993735,-1.0257534,0.04023633,0.41535527,0.59077346,1.1954987,-1.5096521,1.5392971,1.4881625,0.1993264,2.352254,0.39528668,-0.20361851,0.8605788,0.82167256,-1.0840057,-1.1662242,0.16191661,0.008011788,-0.81506026,2.969658,-0.8639399,1.350256,0.30433312,-2.7025146,-0.17413987,0.5965889,1.1085298,-1.2017088,1.464695,-0.7404586,-0.46596894,0.92477953,1.8827498,-0.58736724,2.8375819,-1.3867006,0.007288419,0.035375442,-1.040804,-0.18986198,-0.5192143,0.16840751,0.32095316,-0.5716107,3.1276894,0.5248644,-0.11147479,-1.2882922,-1.9335306,1.2582821,-0.7796049,1.107704,1.2563952,-1.7055284,-0.022709064,-0.02912607,0.1662255,-1.8986417,-0.25391036,0.9703107,-1.259116,-0.20285323,-0.5012002,2.6231232,1.4563481,-0.11293438,0.9985181,-0.6497093,-0.036716953,-2.25914,-0.45119673,2.2209246,-1.1384876,1.7168009,0.39266133,0.36733434,-1.0036416,-0.9403805,-0.24949569,-1.6450719,2.739999,-1.2402816,-0.8341991,1.5911106,-1.4417936,0.3298539,-1.2810092,1.6429068,0.21577008,-0.58446825,0.3824343,3.4496222,-1.5722859,-1.6794887,-1.4998556,1.4251462,1.2023144,-0.43133053,-0.91422915,2.0619283,-1.2221695,-0.076337755,-2.9400399,2.2564363,-1.542228,-0.067257866,-0.7538187,1.0108639,1.9704618
0.5072892,-2.563233,-0.8796519,-0.7370086,-1.841898,0.8223033,-0.31292027,1.3805059,0.37889776,0.10306206,-0.34084758,-0.09530938,1.91583,-0.4766134,-2.4132376,-0.088622056,0.78837645,0.6706915,-0.24631503,0.22057018,-1.5376471,1.4117246,-0.18860507,0.9980295,-0.9957547,1.5541035,1.0021131,0.58642316,1.3071154,1.1957285,-0.41157213,-0.6798135,-0.12286675,-1.4816766,-0.96841365,1.1804852,0.19699273,-0.06587601,1.2092139,-0.58443856,-0.3619992,0.028025135,-1.8783908,-0.41346878,1.3217853,0.6021487,-0.4235754,1.9100838,-1.2247334,0.55728084,0.5772381,0.7899467,-0.64964336,2.4662318,-0.89441985,-0.005873442,0.46870583,-0.029722761,0.33034444,-0.79839826,0.11913356,0.04075563,-1.1899998,1.6037223,1.1473755,1.5778258,-0.80310434,-1.1134869,0.5063275,-0.48139334,0.6156279,0.72360617,-1.594859,0.03776922,-1.337929,0.30251676,-1.877827,-0.47317868,1.3129107,-0.31740808,-1.3981191,-0.2152159,0.765231,0.66563004,1.061418,-0.14828898,-2.0791478,0.40254104,-0.646252,0.31837475,1.0594444,0.93582696,0.9936843,-0.54937613,1.3777044,-0.28428438,0.6785561,-2.164261,-0.97195226,1.8804038,1.097558,0.33236974,1.7033161,-1.3661549,-0.048861578,-0.21014656,1.5414715,1.0718347,-0.796625,1.0986398,2.9862227,-1.3639042,-0.09050276,-0.09335498,1.4433187,0.91920877,-0.7455428,-0.57183295,1.0426315,-0.63447577,0.61578804,-0.022363164,0.3283019,-2.897012,-0.480931,-0.44911683,1.7677997,1.1870708
-0.7580763,-1.0831473,0.06918076,-1.8006946,-0.07799737,0.42621222,-0.23672739,0.53506696,-0.11858249,0.96524227,1.0329155,-0.15655172,0.14080639,-1.8567536,-2.523709,-1.2240345,-1.2934465,-0.31803972,-0.6120047,-0.20085517,0.1966866,0.08661385,0.5960436,1.1600217,-0.751509,2.3536806,0.187875,-1.0284972,1.9040835,-0.2711108,0.8768374,1.2890751,0.7179358,-0.6313968,-2.6518745,-0.72310627,0.8518027,-1.2399083,2.5596082,-0.4647421,1.7299507,-1.1432277,-2.8361716,0.09944392,0.9618531,1.5470698,-0.5247334,1.9156698,-0.10213122,-0.45540175,-0.7817078,1.0471289,0.42153445,2.0234284,-2.6827216,-0.51403886,-1.2314215,-0.67182195,0.1945731,0.45382422,-0.3127098,0.7162254,0.09843084,1.4422346,0.64292276,0.8444038,-2.0458214,-1.9487178,0.69167435,0.41595855,1.0616422,1.0341939,-2.0599036,0.98132986,0.1779505,-0.6629108,-1.6769184,0.18547001,1.1976686,-0.32924443,-0.40450704,-1.3522065,1.5954078,1.9950839,-0.6820458,0.6831833,-0.50083804,-0.8000419,-0.50731486,-0.20991081,0.768214,0.26006985,0.9532512,1.4242691,1.0934464,-0.6948463,-0.5070341,-1.4654887,-0.85961646,2.105942,-0.6869128,0.17266023,1.1283076,-1.5185041,0.8602033,-0.48722988,0.11015209,-0.2987213,-0.14299789,-1.10724,2.0728333,-1.3442146,-2.0755842,-0.28603423,0.7401345,1.0567015,-0.14094613,-0.12082535,1.8174125,-1.4584084,-0.34631976,-2.4698193,2.3147895,-1.3880578,0.5000471,-0.08676614,1.8545551,1.6303573
0.4663321,-1.1607517,-1.3321097,-0.18645981,0.45426765,0.07729379,0.6867752,-0.065836966,0.3030415,0.875325,1.0485762,0.071200415,0.35355636,-0.58845425,-0.2683177,-0.25642806,-0.98176676,0.40247977,0.96056,0.3985723,-0.5910327,-0.002676241,-0.39568081,-0.70879126,-1.3033104,0.30180168,-0.6139863,1.1428994,0.26424056,-0.6117083,-0.6464554,1.287752,0.16646062,0.50532603,-0.8010777,1.6721041,0.2890047,-1.9622452,-0.09079483,-0.6696244,-0.4915292,-0.26776087,-1.0875447,-0.4781075,0.27665076,0.4442008,0.3279937,0.19622847,0.31950128,-0.4738532,0.19528861,-0.42512566,-0.65982187,0.09748916,-1.209599,-0.96787345,0.74643934,-0.07258649,-0.17754209,-1.0999646,0.17366372,-0.429829,-0.42611986,1.461775,1.9660254,-1.6595796,-0.38421813,0.37101603,-0.38199657,-1.2485646,1.5956374,0.53470707,-1.0487685,1.0100917,1.0255457,0.98175955,-1.4624268,-1.8327544,0.2125104,-0.3710003,-0.08013084,-1.5018296,0.8618612,-0.8823353,-1.2820466,0.19745639,-0.14190823,-0.89292747,-0.6190959,-0.38701272,0.34939215,-1.5139,0.2508861,0.10778321,1.4281276,0.7604389,0.71285343,-1.3564876,0.0676962,1.8838168,-0.6049392,0.15623116,0.7337905,-1.6204634,0.11511274,-0.5607915,-0.020414883,1.6893327,-0.027489051,-0.032988872,1.7933524,-0.2685574,0.25420836,-0.03559666,-0.046074852,0.42629668,0.8046794,-1.514334,0.35338318,-0.5648242,-0.47441083,-0.9737258,0.20342353,-1.2611507,0.2756235,-0.21937677,1.0220948,-0.30843458
0.36778435,-0.5744695,0.22043514,-0.17743316,-0.14043333,0.38166198,-0.9265751,-0.3529209,-1.4332846,0.09029999,1.9654163,0.48720834,1.6542889,-1.5988129,-3.5691566,-1.1487098,0.1154111,-0.5807086,-0.39330706,-0.115286574,-1.1683967,0.29160124,-0.47443694,0.59585404,0.51111,0.48368984,-0.118821904,0.31597507,0.6762019,0.28899965,-0.45558652,0.2668837,0.98989254,-1.2801316,-2.6648142,-0.81560075,0.3803843,-1.465617,-2.102259,-0.7528163,2.0787082,-0.9953555,-1.2049848,-0.602403,1.5378946,1.076788,0.6009688,1.1859039,-2.2840436,-0.43695232,-0.58301574,0.6428085,-0.20981878,1.7659903,-0.5833271,0.6588003,-1.1146424,0.030688427,-0.27791965,0.12882093,-0.5196409,-0.91880625,-0.72914267,0.35754955,-0.12766036,-0.40059432,-0.71200645,-1.8410395,0.068122946,0.21282539,0.87427324,2.6796048,-1.1707234,-0.19926576,0.36814657,0.64239204,-1.216431,0.7351353,0.31574786,-1.3033409,-0.098315634,-1.5066469,-0.26449406,2.3798027,0.08678813,-0.32085288,-0.60800934,-0.07979358,0.026270635,0.7452606,0.5853632,1.0311646,0.6525474,0.80237794,0.98292685,0.77517223,1.666464,-0.20127097,-0.8658941,0.89056563,0.3418844,0.008107811,-0.46532017,-1.2936661,0.19508095,1.4378667,-0.6276652,0.3624745,0.1916478,-0.43315607,-0.14827377,-1.1302121,1.0262359,-1.2034767,1.382722,0.38011223,-0.66617525,0.17093419,-0.52575934,-0.3132273,0.62861127,-0.9741897,1.4483066,-1.7364132,-0.7118188,-1.1941869,1.5438662,-0.29326394
1.6191638,-2.9668748,0.2694385,-1.51974,-0.070121005,1.0120579,0.15597938,0.9333035,-0.725438,0.4756247,0.43354067,-0.4675709,0.39289123,-1.2345266,-1.9994632,-0.97682184,-0.88111013,0.44791764,-2.3872452,0.63797915,0.39859882,0.3654267,0.54121464,-0.35664383,-0.28122965,0.39058486,-0.22219296,-0.0960527,0.7728844,-0.094309494,0.55018497,0.11280635,0.4401998,-1.6566015,-2.099434,0.24017721,0.7266418,0.43200207,1.3588394,1.048312,0.27757436,-0.19305691,-1.4254142,-0.3651996,1.4137928,0.18638757,1.0887312,0.6473702,-0.10837388,-0.51211405,0.06704241,0.62812984,-0.8551076,2.5134444,-1.1712738,0.93555236,0.6894625,0.18109372,0.08489727,-0.24569613,1.2861711,0.2182967,-0.35125098,1.5577892,0.002877779,0.4407556,-0.30915797,-1.6691082,0.88142926,0.64936876,0.96355426,0.2922788,-1.0250952,0.9676631,0.178774,-1.6072401,-0.358533,0.40688342,-0.8091826,-0.9534792,0.62209237,-1.0991334,1.7119063,1.1235069,-0.5032152,0.2958632,-0.6127614,0.12044554,-1.5685587,1.1720592,1.3628956,-1.3926376,1.6300207,-0.07151801,-1.2133007,-0.16553617,-0.092147924,-1.1923615,-1.1422573,2.6082225,-0.09194182,0.6685945,0.43086296,-1.8136907,0.6035827,-1.0087849,0.7592954,0.25290588,-0.8232198,0.6013861,1.4146354,-2.1858552,-1.7026529,-0.8136191,0.52593154,2.510992,-0.37878203,-1.0718969,0.65863127,-1.3902928,-0.8189367,-1.3713782,1.3545302,-2.9048913,1.5432808,-1.3247192,1.3329552,2.9278846
-0.5352297,-0.832297,0.95728505,-0.5368812,-0.627138,0.2120578,-0.021843389,-1.3618563,-2.2071435,0.53956056,1.1867356,0.37422952,1.1907835,-0.6065333,-2.452125,-1.3393233,-0.9539505,-1.1276925,-0.54708236,0.3421222,-0.9696411,0.1466184,-0.19638884,0.795867,0.7451292,-0.034708425,0.20251094,-1.1426024,2.0430727,0.6033464,-0.4858919,1.0018853,0.99695104,-0.38106924,-3.7191186,-1.1687057,-0.29124317,-1.2445959,0.12840925,0.67932945,1.9902937,-0.39370012,-1.3910029,-0.6220744,1.8929759,1.4892154,0.5934364,2.0648696,-1.191457,-0.35381827,-0.9436141,-0.8742565,0.26435047,2.2935586,-0.99992853,0.38963735,-0.5168966,-0.23087111,-0.74788743,-0.5942531,0.37021345,0.29315138,-2.2422526,1.202544,0.5379047,0.21386862,-0.3295484,-0.28437826,0.44720286,-0.31984887,1.3255738,1.9573485,-2.4573188,0.7231162,0.14937991,0.15227732,-0.26561415,1.0203074,0.073780715,-0.45360476,-0.5911583,-2.0022986,0.21463028,2.6879988,0.16434039,0.2644353,0.33057916,-0.6940122,0.08227165,-0.34311044,0.8734479,2.06768,0.44448936,1.7712258,0.069047496,-0.8942111,1.5277681,-0.43544483,-0.12724271,1.9072433,-0.44535995,-0.19076912,0.8434925,-1.6983017,0.044531282,-0.285244,0.48210576,0.15253209,-0.55537796,-0.009084955,-0.3054583,-1.3085128,0.24111623,-0.32377347,1.4002872,1.1588967,0.22767884,0.6521678,0.6680578,-1.1543742,-0.056653146,-0.45577112,1.1312476,-2.1296942,-1.0082358,-1.5172751,1.1038947,-0.7008423
-0.62600493,-2.792707,-0.6590334,-0.3949084,-0.45649996,1.1432697,-0.37559533,0.7584703,-1.566849,0.8985803,1.2429134,0.006486714,1.798343,-1.0485357,-1.9063745,-0.15202358,-0.41388416,-0.88568974,-0.3099718,1.316548,-0.41450027,-0.30877432,0.15766147,1.1413261,0.4610685,1.7958909,0.105454415,-0.49308327,2.157078,0.64026636,-0.25811023,0.250119,0.80280054,-1.8770841,-1.6866552,0.50007427,-0.40621603,-1.4657962,2.3275816,0.019552555,0.6738937,-0.35711217,-2.7476194,-0.21257174,1.1005901,0.24294594,0.61795187,1.2147318,0.32314608,-0.8220953,0.033536255,0.23673235,-0.628895,3.3741977,-0.6718472,0.23495571,0.9460187,-0.43406725,-0.60988414,-0.26301527,0.85086095,0.89700377,-1.0340956,1.8008957,-0.012704164,-0.8571219,0.5843849,-1.389544,1.4353298,-0.5073458,0.47556585,0.86967105,-0.8659976,0.4192825,-0.31422547,-1.1617655,-0.7930276,-0.45669824,0.3330304,-1.4688109,-0.67622924,-0.57758707,1.6690043,0.5198921,0.15847087,0.51783705,-1.00317,0.8224601,0.5865352,-0.032420464,1.5872442,0.09251332,1.685887,2.22804,0.16653326,-2.170344,-0.96817905,-1.2662208,-1.8500494,2.9724553,-0.45507526,0.5487496,0.6286645,-2.221663,-0.090197556,-1.8053162,0.5793425,-0.210979,-1.1609057,0.257256,2.0589755,-3.0902002,-0.47344363,-0.04027517,1.5264767,1.5589519,-0.57739305,-1.5187885,1.2193745,-1.4851353,-0.6799394,-1.6541758,0.6627598,-3.2264624,-0.07392287,-0.5292959,0.25867176,1.1794224
0.24739596,-1.6163783,-0.8411622,-1.2320814,-0.56439877,0.13143916,-0.26565632,-0.4731421,0.51716137,-1.0062742,1.800368,-0.37507582,-0.03921906,-1.0233794,-1.5955442,-0.78718084,0.53415525,0.38812515,-0.5531905,-0.026177749,-0.3724871,-0.5537971,0.7017177,1.1020123,-0.177852,1.2716521,0.5474778,-0.038806077,2.0206413,0.5343582,1.0689276,0.65043104,0.33039093,-0.835745,-0.80693144,-0.50607234,-0.8634211,-0.15596917,0.7479824,-1.6857951,1.9567261,0.14803088,-2.1529143,-0.17409715,0.26492694,1.4339731,0.19730383,1.31921,-1.4023598,-0.30230606,-0.4545021,0.9534148,0.04725378,2.0064127,-1.2082033,-1.4107211,0.27709222,0.13703045,-0.7249431,-0.74444944,0.38269967,0.33621532,-1.1758649,1.42579,0.1669499,0.3896108,-0.59575963,-1.8939446,0.20512909,-0.5566758,0.6107502,1.8910627,-1.4121463,0.67489487,-0.17435265,-0.36825177,-1.8054076,-1.1042773,1.3129983,-0.5118007,-0.3737477,-0.7012839,1.5459704,-0.10966414,0.28593534,-0.37837988,-1.5736147,-0.4073367,-2.0015495,0.1917889,1.2000598,-0.46933997,0.6108541,1.0355268,0.80971956,0.6807149,-0.08542553,-2.0169282,0.9462549,1.5860378,-0.47208455,0.21587282,0.77750725,-1.9337027,0.3694734,-1.2995088,-0.50320375,0.14134419,-0.83272195,0.066367686,1.5291023,-0.86361974,-0.83409643,-1.3519328,0.6765326,0.9652073,-0.804905,-1.038571,1.7411124,-0.36131138,0.38498062,-0.95702016,1.4809964,-2.0084994,0.7729808,0.10882669,1.2888067,1.6330063
-0.12708235,-0.75201255,-1.0508349,-1.3813542,2.7706158,-0.11857222,-0.83538353,0.47446245,-0.07628369,0.9807567,0.5614896,1.0517211,0.626559,1.4392141,-1.115871,-0.83578634,-1.0703013,0.35490403,-1.4201347,0.5915936,-0.060253076,-0.36098313,1.1052657,-0.4524172,0.1363277,0.27335736,0.2798955,0.3176792,0.29723972,-2.4122913,-0.18066841,-1.9290222,-0.97151285,-0.23975746,-1.4621911,-0.54454166,-0.48174298,0.6339642,0.9410603,-0.9151288,0.2098549,-1.4786286,1.8145473,-0.6128374,0.15817755,-1.5939534,0.6044195,-0.20467317,0.35967848,-2.950663,0.026402578,1.270676,-2.7126343,0.6805432,-1.3654491,-1.2251046,0.93386036,-0.4345482,-1.1871822,-1.3372818,0.6464396,0.9359513,-4.4108024,0.84524006,-0.17484285,-0.33539787,1.3709965,-0.76009595,-1.0207051,0.43516067,0.6392789,0.97586334,0.6634943,1.6570063,2.1387892,-0.085407436,1.4001417,-3.3341143,-0.41907668,1.3304671,0.28620917,-0.10853428,-1.9314288,0.61854935,-0.07733533,-1.728455,1.1740843,-1.2161992,0.37860477,0.6358733,-0.016428448,2.0596192,-1.5324132,-1.8912174,-1.0540271,-0.7999672,2.151272,1.1779548,-1.030743,0.11386546,0.33210304,1.103993,0.27467722,-2.2416103,0.4325246,-2.0002315,0.47887108,-1.1175555,0.4313002,0.18128607,1.1800352,-1.8152446,0.2809754,-0.57562584,0.12283434,-0.47344798,-0.32318103,-0.6225862,0.5769724,-0.6879841,-0.640552,-2.6978116,-0.16211805,0.17682017,-0.552125,-1.0187535,-0.037120156,1.6083262
0.38714454,-0.6083641,0.59561336,-1.541218,1.4365941,-0.47910067,0.033716507,0.5111491,0.059861988,0.5604433,0.20085749,1.6994209,0.21936603,-1.2068481,-0.210023,0.00268703,-0.33849052,1.1671541,0.5054335,-0.003066257,-0.005966289,-1.0159061,0.94303584,-0.102803916,-1.4512112,0.51153797,-0.7283003,-0.11864338,-0.22469819,-3.5184543,-0.99111605,-1.4827441,0.7669091,1.3412908,-0.4012668,0.5212337,-1.4795042,0.14718804,0.5797057,-1.1640651,-0.57854736,0.8791759,2.0917783,0.62579244,-0.12951347,-0.05311162,-0.8028058,1.1197135,0.31336907,-2.249586,0.82082444,0.7120155,-2.9862084,0.054526694,-0.9598154,-1.7690468,0.18687905,-1.2602575,0.33941552,0.12286542,-0.082707785,1.1709574,-4.052468,2.194008,1.0345848,-0.83337146,0.05696567,-0.8877534,-0.81764305,-1.0301492,1.3998026,-1.2289662,-0.78194803,0.62051105,1.9912645,1.3897439,0.31725088,-2.530143,-1.0859265,0.86618114,0.06541076,-0.4528978,-0.91123104,0.40439242,-0.8623655,-2.4063933,1.2074481,-0.25588498,0.12246302,-0.9557381,-1.659113,1.5434046,-1.5347083,-0.84259903,-1.3979459,-0.5835641,1.9600554,0.2642932,0.67325175,0.4421656,1.0781566,1.1370618,0.9887259,-0.96368086,0.87779635,-0.8585908,0.91313374,-0.9916736,1.4963424,-0.6024246,0.25471413,-0.7827185,-1.1577244,-1.1635706,-0.7253367,0.5091447,-0.7445919,-0.708932,1.9572983,-0.86144316,-0.86637986,-3.236088,0.09170334,-0.83704495,-0.6699563,0.1992847,-1.3710485,1.1286112
0.2418184,-0.86440647,0.3512503,-0.72544926,1.9661415,-0.65650904,-1.7279756,0.001906753,-0.32207584,0.85934615,0.862772,0.80578417,1.4141909,0.33609524,-1.5601233,-0.8293207,-0.14101401,0.8883145,-0.694084,1.011755,0.045172043,-1.4462013,2.2107458,-0.5619395,-0.94938135,0.50174326,-1.4607399,0.5447719,-1.0772052,-2.517011,-0.09685399,-0.50646365,-0.03169681,-0.33888686,-0.7850847,0.081838265,-1.5948023,0.037554085,-0.20192933,-1.7499175,-0.41649154,0.80656195,1.5689219,-0.42686993,1.3129503,-1.4891286,0.9618226,1.3047395,-1.1201613,-3.657748,0.785502,0.5655165,-2.995438,-0.12526637,-0.8962542,-0.77247983,0.6709861,-0.54781353,-1.0936493,-0.5320527,0.5000801,0.96176827,-1.9961963,1.2358762,0.869961,0.19166735,-0.85645175,-0.83718044,-1.2781187,-0.07736592,0.32858732,-0.98601747,-0.09250839,0.922491,1.6129391,0.07240424,-0.092720516,-2.8743985,-1.0169337,0.92023236,0.8104443,0.69515055,-1.8347887,1.9676789,-1.5082662,-2.0995393,0.099228084,0.002223577,0.02782873,-0.9456521,-1.2134821,1.4837997,-1.3108228,-0.9499116,-2.0192976,-0.8507598,2.3141644,0.029040731,-0.014334522,1.2404066,1.1191033,0.65975994,-1.6368514,-1.7732755,-0.959858,-0.8693811,0.32090038,1.1814939,0.9646076,0.25385284,2.8959298,-1.344384,-0.60625505,-0.5883253,0.45963475,-0.16387194,-1.0706352,-0.5625991,0.9288944,-1.5065073,0.22540252,-2.4169934,0.7682993,0.6435776,1.7264094,-0.09635549,0.1445977,1.8676925
-0.052630335,-1.3621454,0.67166775,-0.56651866,1.8720673,-1.3439583,0.5092358,0.5263538,0.5366304,0.9821189,-0.42420033,1.3766782,-0.076523975,-1.1049764,-1.514296,0.27052128,-0.58681905,-0.21122591,-0.35675022,0.7141036,0.7195637,-0.39790264,0.5796874,-1.4208101,-1.0229146,-0.36193758,-1.6627488,0.071953535,-1.3839748,-2.6634097,-1.2031909,-1.151771,0.90277094,0.6836172,-1.0368794,0.3381019,-1.2745752,0.95373297,1.4005636,-1.231681,-0.2308003,0.96392274,1.5103451,2.1267762,1.0539087,-0.20445397,-0.09190823,1.0812379,0.123175055,-2.9636085,0.27799368,1.1011162,-3.0968885,0.6031314,-1.9014674,-1.1889746,0.2680825,-0.7316376,-0.49926284,-0.11071677,0.71741676,1.852765,-3.2596855,1.3489094,-0.22522269,-1.0992644,-0.19081965,-0.79389876,-1.1073502,-1.1803868,0.57795614,-1.663803,-0.5090405,0.507461,3.0419974,0.8250314,0.17996371,-1.8566877,-0.36807522,0.8073621,1.1180856,-0.47833693,-0.20222548,0.8386137,-1.5413876,-2.1062684,1.2870029,-0.02491042,0.6260276,-0.9734226,-1.8466796,2.7914085,-1.5680879,-0.72036374,-0.6377374,-1.0199273,2.0171843,0.5045002,0.59946895,1.8123378,0.7871835,2.1570807,1.3550644,-2.51544,0.45844257,-1.1376009,1.1130217,-0.37405664,1.2796111,-1.1898432,0.49979573,-0.85965014,-1.1890495,-0.027635576,-0.123484045,0.74959385,-1.2192281,0.3446662,1.8705751,-0.7332375,-1.0682675,-1.3975798,0.98663247,-1.0170715,-0.2593886,-0.60680866,-1.1064762,1.16039
-1.4885757,0.14781538,0.5251249,-0.31824884,2.0133486,-0.5302061,-0.4836194,1.497569,-0.09001133,0.8448508,0.025319405,1.3472357,1.2407206,0.14879689,-1.1316708,-0.9827327,-0.00757131,0.048937194,-0.18432273,-0.18114817,-0.60651666,-1.7452441,1.8475826,-0.26122928,-0.29616895,-0.6136887,-1.2871976,0.6496826,0.12318943,-2.4641104,0.9023304,-0.0231753,0.8261855,0.52227616,-0.5202576,-0.18148369,-2.166558,0.62058973,-0.27398548,-2.1319416,0.8442093,-0.33632928,2.2483556,-0.8654784,1.0445464,-0.39733416,0.006644726,0.8590912,0.30350897,-1.8047763,0.80433464,-0.2722783,-1.7324934,0.2762623,-1.3989236,-0.41569763,0.86474293,-0.91310406,-1.9092511,-0.3909415,0.32919562,2.458667,-2.5731137,2.2691178,0.705232,1.0307423,-0.9208355,-0.6084287,-1.0602329,-0.76451445,1.6417031,-0.63152295,0.28362453,1.252296,3.2186015,1.6369667,-0.33884922,-2.5085123,-1.296857,1.1566163,1.169191,-0.028925471,-1.5479047,0.21943738,-1.5921457,-1.8474544,1.1574404,-0.25239542,1.6363115,-1.0515753,-1.8054247,1.8555694,-2.5299523,-1.7617493,-1.9529586,-1.9597099,3.6253498,-0.071149744,-0.024122506,0.51649594,1.0388008,0.6418283,-0.03233099,0.6663016,-0.21723697,-1.6652031,0.06340591,0.41047177,1.7577363,-0.120950736,1.7789078,-1.1719302,-2.1151762,0.014029969,0.62208784,0.45288533,0.14559978,-0.13927738,0.39765722,-1.9856778,-0.66484016,-2.9866638,0.003931969,-0.073000185,0.70847225,0.25324428,-0.40228015,2.897899
-1.1132808,0.14665608,-0.7364365,0.03727569,2.0088089,-1.4140757,-0.16566038,1.3844454,0.049986184,0.39391404,0.21859536,1.2298563,1.1183354,0.37460828,-0.35285157,0.9660654,-0.9581969,1.6014724,-2.2703602,-1.271578,-0.2716491,-1.2709731,0.7152603,0.87324595,1.0437096,0.70872444,-0.27644053,0.34507674,0.38964868,-2.8417895,-0.60615623,-0.7697624,-1.309897,0.20050006,-2.3942196,-1.019646,-2.4426863,-0.4701427,0.8852203,-0.2951711,2.4763227,-0.43235093,0.7768124,-0.6539371,-0.13558364,1.2929865,1.3138722,1.1988164,1.7900158,-0.46203312,1.0340829,-0.42092407,-0.99834704,0.96860796,-0.16917342,0.8684969,-0.05260147,-1.0245688,-0.5219517,-0.40517735,0.6547534,2.1756394,-2.1991775,0.5114754,-0.77732545,0.9671749,1.6949983,-0.8282978,-0.88682,-1.5093831,0.4620167,1.0886142,0.33573666,0.12671995,2.0839884,-0.04484056,-0.18789303,-1.6363412,-1.7305149,0.9575185,-0.8205416,-0.52940047,-1.7372335,0.06570175,-1.2928712,-2.8568318,1.2193722,-0.7641983,-1.6139977,-0.07928006,-0.8043317,0.71190876,-0.006748721,-1.3747811,-1.6822729,-1.1821114,2.0531428,-0.7573563,0.6622571,0.0822427,1.0186452,0.3983081,0.9556123,-1.2361156,0.7088384,-0.41206238,1.6260645,-1.311149,1.5213566,0.10440329,0.2956118,-1.2778052,-0.6674618,0.2011515,-0.20542109,-1.4743781,0.43709758,-0.14708057,-0.1396118,-1.5188729,-0.05236759,-1.1252179,1.0451503,-0.110238194,-0.5577527,-0.052261025,-0.67225695,1.6645632
-0.62651265,-0.40916803,0.028570637,-1.3040165,2.9262865,-0.5628742,-0.12660903,0.013052285,0.7160969,-1.1626854,-0.50470054,0.876615,1.5274183,-0.8980818,-1.7329842,-0.97881687,-0.8233442,0.9493047,-0.3021258,-0.41376257,0.19749188,-2.8415804,-0.32472917,0.16730064,-1.7842072,0.967184,-1.0408354,0.10998219,-0.16247085,-3.3150723,0.13366127,-0.066269666,-0.6818529,-0.45605683,-0.8427653,-0.32488576,-1.0502346,1.0920327,1.1101923,-1.0203369,-0.24464563,-0.711143,1.1848346,0.41919774,0.12355924,-0.8698779,0.26713145,0.43395922,-0.33148265,-1.8918066,1.6375192,1.5373449,-3.425727,2.0608888,-1.1609311,-0.78218204,-0.18437544,-1.2950867,0.9726791,-0.32999772,-0.4675727,1.947373,-3.7126822,2.6839106,1.0048618,-0.16669454,0.36784938,0.30371094,-0.21289991,0.28150946,1.3727355,0.016012847,0.09058635,0.87716633,1.803749,0.1010183,0.7397898,-1.6677738,-1.2866025,1.0391876,1.1096857,-0.32135457,-0.7732798,0.85192704,-2.486389,-3.574112,-0.47315156,-0.69192225,0.40914702,-0.108811155,-1.1398379,1.4228222,-0.8615084,-1.3821695,-1.5514265,0.817785,2.3056803,-0.26910347,0.7418638,1.8082399,0.36558336,0.503162,0.5679263,-0.414008,0.956924,-0.7074612,1.5203915,1.4480833,2.095493,-0.18132053,1.5283906,-1.5521442,-0.8490947,0.16596125,0.23467356,-0.91849464,0.7526247,-1.0996078,0.39830524,-0.7926176,-0.98435485,-2.7570775,0.73523104,-1.5171807,0.19351476,0.88504905,-1.578998,2.8080063
-0.6733279,-0.3872743,-1.1369078,-0.75887877,2.0233026,0.05382175,-1.2577153,1.3805325,0.49552712,0.5012766,0.24028969,1.2455163,-0.15844923,1.5325313,-1.0767353,-0.25339574,-1.3860213,1.4965999,0.27162826,-0.3974383,-0.5758874,-1.6340146,1.3123242,0.46513617,-0.7589007,0.0082893,-0.31688416,0.5051228,-0.7262457,-2.8278532,-1.5490665,-1.2686621,-0.42493385,0.24706204,-1.0751507,0.21783158,-1.7543147,0.011737853,0.37099904,-1.313143,-0.123312205,0.45376047,1.3852026,1.0718251,0.5347023,-0.3544694,0.28090683,0.30022165,-0.67754173,-2.7578905,0.1858377,0.8423238,-2.9423492,0.75226974,-1.7933178,-1.0779527,0.054392442,-1.036005,0.4226228,0.97111374,-0.18325174,1.9185033,-3.449001,1.7660658,1.058018,-1.1088879,-0.92749286,0.521507,-0.9971278,-0.43333527,1.5243123,-0.47943842,-0.7618976,-0.12236612,1.7891454,0.21526915,0.7507479,-2.6524947,-2.070375,0.5999211,0.8932351,0.7066406,-1.6715508,1.1506264,-2.5188286,-2.758036,1.047548,-0.72297627,0.83053774,0.12488218,-0.30463254,2.2659287,-2.052051,-0.8191864,-1.6398891,-0.43332288,2.5753005,0.81273663,-0.52546924,0.6269213,0.6524732,1.2176675,-0.16750686,-1.8406956,0.11842786,-0.65525526,1.9135542,-0.13076764,1.515414,-0.30688375,2.8526058,-2.2539582,-0.9850776,-0.46159872,0.39245248,0.12767397,0.53416497,0.63515234,0.81671137,-1.4387577,-0.78821504,-2.093692,0.37710607,-0.3585928,0.91452897,0.45310146,-0.4350719,1.651634
-0.20781626,0.09197204,-0.57127565,-1.0663799,1.2230717,0.15543623,-1.6921246,0.4055562,1.0240078,1.1721785,0.5635631,0.7351783,1.1547868,0.2260378,-0.9026587,-0.064864784,-0.10596429,1.2982047,-1.4841889,1.225156,-0.37447834,-1.1793085,2.049047,-0.29583418,0.028227665,0.19337901,-0.74714905,0.41535053,-0.45579714,-2.226263,0.042334408,-1.295973,-0.70164526,-1.29438,-0.8856819,-0.5555825,-0.6506969,0.11856444,1.2590275,0.579134,-1.4777387,-1.2905309,1.4124869,-0.19143528,0.8355062,-0.28598765,0.16630122,0.45959446,-0.027346712,-1.3837816,1.9548821,1.7117547,-2.7505813,0.29556158,-1.3362067,-1.9213812,0.9819368,-1.1605006,-0.542233,0.43057925,2.0841513,1.7816745,-2.9656196,0.2487132,0.31931543,-1.5425918,-0.61046815,-0.66616964,-1.3703684,-0.06990129,0.34362328,-0.4114902,-0.28672677,1.0528873,1.9078823,-0.23116487,0.43106425,-1.3843678,-0.5700989,0.5285173,-0.58512515,-0.7584578,-1.1002879,0.12129076,-0.18012592,-0.34982806,0.5886941,-0.91174036,0.7696166,0.25046808,-1.0776187,1.9223806,-0.4851259,-1.0792029,-0.508992,-0.27372003,2.0053184,0.2103835,-0.5844797,-0.035599977,0.744035,0.99348176,0.78802055,-0.9926957,1.0304575,-1.558017,1.2021878,-0.8398384,1.128295,-0.3166764,0.8899127,-1.814195,-0.97119254,-0.2912188,0.36741483,-1.3310914,0.47825053,-0.001360006,-0.2362846,-0.5570486,-0.12024605,-2.8317912,-0.14732304,-0.4677629,-0.32458532,-0.9177127,-0.71706223,2.0594513
0.13006294,-1.5070223,0.14301777,-1.0824382,1.8375502,-0.15208347,-0.54848427,0.39392224,-0.74940276,-0.43173206,0.31782383,1.539357,-0.112074,-0.7385888,-1.2668494,-0.9880222,-0.22202379,0.006496385,0.15452363,0.08133283,0.061998717,-1.5922213,1.4066074,-0.78865135,-0.7488061,-0.11768282,-0.4921825,0.053472742,-0.37138265,-2.9100943,-0.3909834,-1.2838039,1.0067984,0.85869116,-1.4023203,0.22765902,-1.6407865,1.1236527,1.3208336,-1.1799941,-0.8054979,0.95535815,2.3840837,0.28768247,-0.10141029,-0.5547939,0.46102548,0.17276496,0.2357529,-2.6126666,0.5793685,0.5190228,-2.0695891,0.9921775,-1.5848311,-1.6221149,0.49103302,-0.4351256,0.042555638,-0.37976456,1.1784183,1.3748145,-3.6730618,1.937938,-0.04591173,-0.119765416,0.57425797,0.2819769,-0.68621486,-1.1142075,0.9722115,-0.7651242,0.31801698,1.1310847,3.199735,1.9438008,-0.7833428,-2.0873752,-1.5718393,1.1750629,-0.23161718,0.07123189,-0.3169387,0.5796482,-0.9334502,-2.7646546,0.48081917,-0.7092027,0.012280397,-1.3148665,-1.3523487,1.3487448,-1.949127,-1.2968909,-1.4138247,0.14030217,1.6796627,1.042912,0.6472292,0.00695242,0.7110405,1.402136,1.0887154,-2.896748,0.81312394,-1.675519,-0.13545421,-0.7472245,1.0091294,-1.0596901,0.30492273,-0.7107377,-0.22570737,-0.77471805,-0.61650467,-0.7676793,-0.6094393,-0.60601133,2.0786905,-0.899914,-0.8523317,-1.980947,0.23151317,-0.09570126,-0.94365144,-0.23261371,-0.16524571,1.6752323
-0.54711235,-0.94757545,-0.09026697,-1.1935738,1.1674571,-0.82926035,-0.47625488,1.6494339,0.22698846,0.51489115,0.93274605,1.0536165,-0.044995483,-0.76367575,-0.4858869,0.20543931,-0.5142877,0.7959863,-0.7840504,0.31587267,-0.21474326,-0.7098805,1.1888292,-1.1852621,-0.34286976,-0.09238983,-0.84151995,-0.5092681,-0.5178332,-2.9939327,-0.12456496,-1.307148,0.7128085,0.6484745,-0.9279601,0.52816224,-1.4870752,-0.22095692,1.6085672,-0.98288304,-0.17695773,0.46243057,1.036925,0.893784,1.1306498,0.28499773,-0.46092078,1.4053499,-0.15616211,-2.6823437,0.26834285,0.9699,-2.1968105,0.36283395,-0.69793636,-1.4363017,0.9417999,-1.2084138,-1.0446347,-0.5967464,0.41871393,2.8772986,-4.509081,2.1813822,0.52027553,-0.76721305,0.7435374,-0.30054975,-1.0930233,-0.6456633,0.15152818,-1.9430423,-0.42195922,1.1591747,3.0600698,1.6788327,0.9166728,-3.045213,-1.376471,1.5827291,0.6922715,-0.15283462,-1.2023376,0.33966917,-1.8043714,-1.7827584,1.1803031,-1.2741535,-0.85692286,-0.49935776,-1.3070071,2.5627203,-1.3693976,-0.51660436,-0.893993,-0.88522243,2.470319,0.28906175,0.105097055,0.484739,0.7190052,2.083048,1.3175985,-1.9124018,0.30880985,-1.6316917,0.14876366,-0.4872333,1.4491975,-1.030527,0.47495854,-1.66158,-0.85106194,-0.90024483,-0.002656505,0.38072246,-1.8030434,0.12758696,1.5005337,-0.00854394,-0.606444,-1.8505703,-0.0595375,-0.36531222,-0.14025061,-0.76010454,-1.0434916,1.1584091
-0.41237593,-0.7404369,-0.09167805,-0.26313284,1.3284715,-0.5521599,-1.2094749,1.0220566,-0.41062537,-0.5301552,0.86778665,1.1403826,-1.5218079,-0.14625935,-0.76259845,-0.150868,-0.4692374,0.4690739,-0.016530037,0.011874162,-0.27998534,-0.8660977,1.2403909,-0.013504222,-1.4919419,1.2687348,-1.2473187,-0.6027976,-0.478469,-2.9209807,-0.7956637,0.06383309,0.010252789,1.2354124,-1.0029925,0.2225888,-0.74222744,0.9936795,1.1088492,-1.1814889,-0.17744097,-0.05965691,0.8934214,1.0091143,1.2257451,-0.56662256,0.48167086,1.4222046,-0.5646916,-3.6485662,1.1293603,1.9155803,-3.0922542,0.59018296,-1.8828453,-1.2894281,0.40452284,-0.65352744,0.19977695,0.09119574,0.07148938,1.2930871,-2.4706976,1.9098709,0.50531024,-1.3345493,0.43062377,-0.70018667,-1.4179031,0.08171305,0.19669619,-0.31973484,0.3715493,0.7497521,2.722207,0.052346252,0.37665036,-1.8812716,-1.2346923,0.6281317,0.39862505,0.96626407,-0.6319305,1.1990516,-1.9305367,-2.8031218,-0.2561497,-0.3609692,0.065618575,0.47215617,-0.38706306,1.093478,-1.4763387,-1.18936,-0.036605865,-1.9356267,2.7443585,-1.3004987,-0.15812004,1.3525573,0.1788624,0.96529675,1.3719004,-1.0377352,0.63113356,-1.3085155,0.6790292,0.05896092,0.77426684,1.237097,1.7792039,-2.2442307,-0.22312182,-0.09501357,1.4361318,0.7606244,0.06355039,-0.96214324,0.6187208,-1.2379478,-1.0298021,-2.3909729,-0.5968455,-0.25464755,0.42202574,0.64607364,-1.2592548,1.0802684
0.31014368,-1.4528039,-0.57078403,-0.38980868,0.38593677,1.1281015,-0.3748295,-0.5445932,-1.0308332,-1.602494,-1.7308997,-0.3383103,-0.46512517,-0.6050887,-0.006599205,-0.55696607,0.20913556,0.7924956,0.6471874,-1.1348714,0.08807153,-1.0528181,-0.23606342,-2.6701047,0.8931295,-1.8747563,0.93112475,0.4050003,0.34939644,-1.7161918,-0.55105805,0.08414194,-1.6574389,-1.2541757,0.1689527,0.65261567,-0.8208008,0.22139548,1.0158194,-0.86113477,1.6977235,-1.120645,-0.6219547,0.99243087,0.9855186,-1.1113365,0.13383745,-0.54542834,0.25677657,1.4797382,0.75011146,-0.9079132,-0.8657923,1.217425,0.20590037,0.03649532,0.07646743,-0.8626937,-0.6606078,1.6830407,0.6191912,0.80250704,-1.2972996,2.8211575,-0.80061954,1.2318755,0.5374015,0.07767658,0.3409264,0.06627303,-0.89857394,-0.43690163,-1.1696088,1.6746088,0.59230256,0.4134825,-0.3722282,0.37482083,-0.26393175,1.5546287,1.1313335,-1.7504803,2.183653,-0.4401384,0.9629207,0.60430074,-0.44203657,0.693153,-1.3650966,-0.097653255,-0.15744123,1.5754771,-1.2603717,2.211588,1.4376981,1.0652394,0.3384602,0.38619924,0.23809583,-0.6427682,-0.054545186,0.8762393,0.19965318,-2.6653304,-0.2447012,0.20706683,1.2068852,-2.4864337,-0.15413663,-0.6352247,0.047491893,0.052252885,0.7822155,-0.9174314,-1.9197872,0.2820686,-1.2719765,-1.2384974,1.4294192,0.5691144,1.5264254,-0.38899446,1.0548062,0.74464977,0.27833495,0.55363506,-0.34411114,-0.88251597
0.6052623,-1.4431111,-0.60102236,-1.6053399,0.8057045,0.27835974,0.99660236,-0.44982898,-0.72410166,-1.0860014,-0.7755786,-0.49573416,1.0053102,0.40310386,-0.9312513,-0.2592789,0.21953991,1.3342193,0.40157473,-0.19599551,-0.68201035,-0.6584197,-1.0749781,-2.3386285,1.2955021,-0.7836684,-0.04550883,0.65993315,-0.04716788,-2.0450482,-0.936803,-0.36451593,-1.068649,-2.4676874,-0.24527779,0.1590811,-0.9310472,-0.03907776,0.44889712,0.15044111,0.6977515,-0.19386381,0.28515765,0.7788108,1.0059515,-0.14831124,-1.0184913,1.8514296,-0.66496587,-0.042773284,-0.33597988,-0.9502599,0.23782486,1.8426431,0.26391193,1.0011265,0.31535864,-0.4970304,0.4256835,1.8258736,0.5279225,1.187379,-1.5822973,1.2139915,-1.2206222,1.6530323,0.9538333,-0.015693098,0.13431406,-0.195068,-0.68671495,-0.18111059,-0.8834822,0.34071332,-0.25958407,-0.66732216,0.3203784,-0.4073981,-0.59579873,1.7916901,-0.17167452,-0.5802118,1.0348455,-0.010664471,1.4310265,0.66251725,0.6008912,-0.35361242,-2.1093132,-0.58471876,0.04953099,0.6623323,-1.7457135,0.635472,0.66909206,0.7782774,0.49787578,0.72691554,-0.8547806,-0.85864496,-0.29749924,-0.5284284,-0.2581126,-1.1699986,1.0833534,-0.095612966,0.47645262,-2.0724525,-0.22417223,-0.9589845,-1.0245228,-1.5534356,-0.57908386,-0.4889558,0.004900515,-0.038051963,-1.0929545,-1.4943203,1.1360568,1.6553619,0.34875965,-0.6834122,0.7141555,-0.45889044,-0.17689371,0.8101839,-0.80757535,0.65511006
-0.03949064,-1.1391778,-0.17684716,-0.99753726,0.84897316,0.6873801,0.6268697,-1.1706576,-1.3787286,-1.0990818,-1.1408678,0.20801339,-0.7127991,-0.003484003,-0.1506035,0.3906994,0.46085024,1.35675,-0.09235448,-0.8100252,-0.12969299,-0.24520606,-0.06918422,-2.6676176,1.1217568,-0.5990735,0.5710077,0.12390609,0.12576514,-1.595576,-0.38945514,-0.9600338,-1.6634521,-2.2826853,-0.18972686,-0.44490972,-0.68006706,-0.06471187,1.2014533,-0.5430854,1.4356024,-1.3268687,-1.4868933,-0.18718523,0.31540456,1.0673002,0.010097489,1.7889297,-0.1717549,0.40304196,0.1975772,-1.0914582,-0.43644625,2.8066053,0.99416316,-1.0871673,0.08378376,-1.1070422,1.1111234,2.2940962,0.39534867,0.61826897,-1.2067627,2.3483067,0.9280421,2.2577481,1.444457,-0.026120577,-0.43633133,0.71643615,-1.2216712,-1.0097797,-1.1701927,0.7927072,0.9108224,-1.8185389,-0.027944379,-1.0590776,-1.3798823,2.3588927,-0.7502912,-1.0109547,0.84556234,-0.29437652,1.9490197,0.9235003,2.4897327,0.28001297,-1.7301425,-0.36237723,-0.30509886,1.6066259,-0.9446861,0.5305357,1.2289461,-0.12274118,0.56246936,1.1495576,-0.71047604,0.07057609,1.0990206,-1.7488043,-0.83951813,-1.1933142,0.07566011,-0.16560511,0.5385511,-2.6848054,1.1734715,0.042925186,-0.3928737,-1.710169,-0.87831175,-0.62500316,0.03699453,0.98943436,-1.9252855,0.4679522,1.5227877,1.6522988,-0.48400873,-0.6831724,0.6174238,-0.3252861,0.72168136,0.6436569,-0.50705546,0.4842586
1.0451756,-0.65313834,-0.28387102,0.049754646,1.0361584,1.4382199,0.34500283,0.9070856,-1.6438994,-2.1903443,-0.5374119,0.8743897,-0.60967624,0.32529354,-0.1666996,0.60629904,0.041636378,2.6298566,-1.0359491,-0.21943343,-2.3754492,-1.1613268,-0.6597422,-2.8239055,0.9262494,-1.1989483,0.14024034,0.88813937,1.0897024,-2.0196683,-0.16190158,-0.51122344,-1.1271467,-2.3611007,-0.9649219,0.40347376,-1.5592474,-0.6326301,0.9346032,-1.5638486,1.0249248,-1.8163154,0.2979237,1.9112089,0.8117485,-1.2712944,-0.6833501,1.3209227,-0.92838585,2.2956328,1.8889997,-2.9605255,-1.2091238,1.5506173,1.4328446,-1.3860201,0.10559373,0.2953455,0.67020607,0.1302468,1.1449113,0.43476075,-2.0556302,1.4206855,-1.000872,1.3778672,0.46635687,0.4253256,-0.643908,0.59210014,-0.48240852,-2.1321225,-1.0495751,0.6256655,1.0641726,0.000608757,0.016124643,0.043087125,-0.69048566,1.8214558,0.28564203,-1.3934368,1.0111456,0.729941,1.7724552,0.47240198,0.37020844,-0.19557178,-1.6970124,0.9119963,-0.67627704,0.8003429,-1.7385923,2.3637068,1.2377561,-0.4028752,0.36006358,1.3117926,-0.5058466,-0.77929467,0.5912576,-0.13660528,0.40635318,-2.3706799,0.060857352,0.060937233,1.9945273,-2.4882057,0.8245889,0.28943294,0.5741089,-0.42623594,-0.27796933,-0.6183343,0.35589153,1.7387762,-0.21502653,-0.6595332,1.1575799,1.4415953,-0.2817474,-0.38104787,0.92060673,0.626454,-0.25288174,0.834174,-2.1876223,0.020899737
0.8635112,-0.19398367,0.6655964,-0.10919268,-0.037444577,-0.16662246,-0.11090299,-1.1495366,-1.5790175,0.24126303,-1.3062698,1.1938078,-0.7641314,0.48637453,-0.8131391,0.8703877,-0.77804303,1.2647828,-0.22221693,-0.91870403,-1.0800517,0.40615085,-1.9614115,-2.0195732,0.4362129,-0.65293187,-0.14284877,0.16110793,0.46007872,-1.6852992,-0.06395525,-2.1981254,-1.5302991,-1.0445315,-0.029333718,0.33504406,-0.84410894,1.1790746,1.7621442,-2.0415215,2.572939,-1.5011141,0.7123973,0.825711,0.04670366,0.5231258,-0.3368745,1.684492,0.07116999,0.49607557,1.2172251,-2.4839435,-0.05267866,2.2441466,0.50063044,-0.8278754,0.005402144,0.11062891,0.9288016,1.916825,0.12513073,1.4872209,-2.3487585,1.0206524,-1.0971454,0.6264765,1.7750729,-1.4265053,-0.39666617,-0.03762287,-0.5133116,-0.99874115,-1.0628287,0.75139755,1.9250879,-2.1169586,-0.7649571,0.13304974,-0.7989135,3.0808141,-0.23494977,0.19150445,0.9041697,0.8682728,-0.22827096,0.71579194,2.5936835,-0.3740537,-1.6844568,0.96985924,0.37508717,1.4186269,-0.48914075,0.26080102,0.8051779,-2.1330862,0.86029005,1.4462293,-1.814403,-0.12311022,1.3119729,-0.32535467,0.31269693,-1.8648821,0.29223546,0.19749281,1.6827631,-2.5099235,1.018883,-0.9905125,0.0802418,-1.4367545,-0.60821104,-0.003621228,0.40572262,0.7773336,-1.185716,-0.6605836,1.4458643,3.1239307,0.36135286,-0.17619862,1.326478,-0.7101936,0.35734582,0.16603798,-0.7166662,-1.0365963
1.1791891,-2.4701948,-0.5750904,0.30224168,-0.34394258,-0.31326213,0.30439752,-0.2565645,-0.58116746,-0.7507092,-0.13645911,-0.65063024,-0.4125408,-0.7470973,-0.89176077,0.07782006,0.6358458,0.93420243,-0.410355,-0.11704026,-1.968778,0.81661105,-0.17390949,-2.5733647,1.5959449,-0.24916318,-0.113090806,-0.19509336,0.48541355,-2.0729218,-0.8828571,-0.6912297,-1.009345,-1.17837,-0.9742874,-0.6080059,0.30622783,1.4715716,1.8555685,-1.5120379,0.46163842,-1.4608743,0.64397526,0.050289735,0.8251865,0.376169,-0.16544238,2.5944872,0.17152089,0.6742796,0.5416166,-0.53836995,-1.1038158,1.085287,0.08470403,-0.6411255,0.3927667,-1.2209779,0.62953573,1.1718423,1.48555,1.5206466,-0.950697,1.24782,-0.947339,1.2333989,1.4546814,-0.29562917,1.6252475,0.2577914,0.09757294,0.01406388,-1.1476436,1.4223845,0.44479984,-0.65327173,0.20086983,0.020775788,-0.44732845,2.5842865,0.9040938,-1.199036,0.7004273,0.8691262,1.0052266,0.37255347,0.68465346,1.1741755,0.04269123,0.14663993,-2.0150042,0.27971935,-0.7893854,0.3814925,0.7007797,-1.0522699,0.6395022,-0.29261857,-0.99444723,-0.46678817,0.41292757,-1.207367,-0.1107061,-2.675222,0.12086919,-0.58445823,0.6071162,-2.0743606,-0.2839469,-0.4747586,-0.33960223,-1.1735868,-0.22961278,0.53283703,1.5137804,0.3417473,-0.5059867,0.5461085,0.84987724,1.9506179,-0.45791548,0.86353755,1.0742142,-1.0981734,1.327814,0.77422917,-0.44903308,-1.7591363
0.7598703,-1.4418478,0.8543581,-0.44040534,0.4922048,-0.7641394,0.005320199,-0.50193596,-1.5646727,-1.2028615,-0.9887061,0.7357391,-0.56819665,-0.3707673,-0.8318733,0.31689453,-0.1523501,1.980507,-1.3985765,-1.6434937,-1.7996826,-0.3317098,-0.5563126,-3.4139915,0.7461218,1.322364,0.5498465,-0.43649703,-0.18204105,-2.3119848,-1.6511686,-1.2617497,-1.0432439,-1.4915175,-1.54603,-0.14621073,-1.3843858,1.1440909,2.2469952,-1.3707597,2.1472287,-1.6182133,-0.45675668,0.26581836,0.5196253,-0.30681318,-0.012782976,1.7054758,-0.766719,1.0306981,0.08429082,0.007997036,-0.61034286,0.9483475,1.3256123,-0.3035348,0.4821694,-0.92572033,0.8830563,1.7295598,-0.19817552,0.47301465,-1.6486177,2.2498908,0.51280016,1.5691714,1.7426842,-0.536497,1.1634045,0.619462,-0.32669735,-0.9718032,-1.4171833,1.7020826,1.0586712,-2.1346033,0.87862855,-0.53966993,-0.32218182,2.2369409,-0.22025701,-1.2426422,0.37559512,1.0031835,0.46846884,0.18496281,1.1201785,0.27076524,-0.7925772,0.015242033,-0.4790405,1.0258497,-1.0034721,0.12159066,1.2514857,-1.4565822,1.2344455,1.5988374,-0.53897506,0.061944686,-0.12879728,-0.86631036,-0.54015434,-2.4512749,0.3562885,-0.774142,1.1534343,-1.316379,0.927307,-0.8658538,-0.2098752,-0.44948694,-0.4008157,-0.105693385,0.16176233,0.28391883,-0.80658525,0.5354938,1.3474256,2.5619173,0.07840569,-0.0460622,1.2968113,-1.0616925,0.8215257,0.5303656,-2.0841722,-0.45072472
0.86103463,-1.2931192,0.9685617,-0.365394,0.21264607,0.5159862,1.481956,0.26660678,-1.8877515,-0.9515347,-0.9089242,0.26722753,0.15998188,0.120226674,0.5888387,0.31691992,-0.04933153,0.8383192,-0.25202948,-0.7924508,-0.8183981,-0.559556,-0.62999094,-2.5964622,0.66350716,-1.7425516,-0.077268876,-0.3401171,-0.58870894,-1.5389411,-0.9576291,-1.174902,-1.2690206,-2.7213826,0.7559071,0.27614716,0.16520017,0.65152615,2.218847,-0.7486053,0.65563,-1.3864856,-0.14744383,0.49837908,1.1380303,0.7532329,-0.30324095,2.4287863,-0.011408616,1.6724128,0.2922383,-1.1473464,-0.03123917,1.3119417,-0.61568296,0.2975284,0.6242124,-0.22853056,0.19096878,0.8825469,0.64633626,2.5135367,-1.5980787,0.74132526,-0.7997373,1.8438896,1.4820365,0.663017,0.38044834,-0.6703011,-0.41952425,-0.81256014,-2.3993626,1.1724352,1.6786882,-1.679145,-0.14139795,-0.1618316,-0.14282447,2.6194198,-0.18022957,-0.49967736,0.59101367,-0.33291805,0.6716947,0.4383328,1.4299623,0.25460064,-1.7151057,0.09302911,-1.1465094,1.4396187,0.43587333,0.23127295,0.6456835,-1.3599919,0.85901767,0.0841848,-0.16407831,-0.16600123,0.5733551,-0.8113386,0.9011719,-3.0592406,1.18995,-1.386889,0.7184228,-1.9870541,0.9675313,0.7008716,-0.23179805,-0.86732423,-1.2633011,0.30926576,1.0615869,0.6264583,-0.9067591,0.34932235,0.452986,1.6620941,1.0778092,-0.3828847,1.2577499,-0.44499576,0.37894893,0.007822961,-0.2600403,-0.18442541
-0.14854218,-1.0505524,0.7236689,0.81361073,1.3205186,0.047740847,1.7856513,-0.46580046,-1.5574762,-0.7457382,-1.4949802,0.70262975,-0.7699,0.18101266,0.5307664,1.8230289,-0.55006444,0.84050965,0.51147294,-0.33388948,-1.0576775,-0.43739066,0.25073627,-2.717749,0.3805988,-1.0503013,0.34037423,-0.6858505,1.4516929,-1.6790941,-1.3992791,-0.52307963,-0.9733005,-0.83449066,-1.2692434,-0.62277645,-0.8824346,1.5342275,1.3818023,-0.46844563,1.4558085,-1.5130681,-0.46822563,1.0114517,-0.07333017,-0.28259325,0.52813834,1.9294163,-1.196933,0.6946963,-0.07092172,0.33624727,-0.9818862,1.7124541,1.4613509,0.13040636,0.40973943,-0.4632862,0.37686643,1.6074053,-0.93611586,1.8333254,-1.9054182,2.2947502,0.020047657,2.3426476,1.2292756,-0.7596464,-0.18783851,-0.1187829,-1.5812212,-1.875959,-2.3998506,2.3067138,1.4417931,-0.571102,0.87828964,-0.49265605,0.096912295,1.7947004,0.2598732,-0.39071572,0.63396454,-0.18761392,0.20038337,0.607122,0.7262639,-0.5915072,-0.425824,0.5918533,-0.8361585,1.4533043,-1.6285397,1.5425806,2.0356596,-1.3565286,0.07237778,2.4038162,-0.019206852,0.4638683,0.7234676,-0.69061023,0.34898978,-2.347217,0.80359995,0.05925025,1.1021883,-2.4061725,0.043714426,-0.6180016,1.1561246,-1.5483782,0.036779054,-0.04107362,1.3883456,0.648844,-2.298914,0.52159125,0.87537575,1.5672181,1.0683559,0.4528553,0.3517741,-0.85866123,1.3084192,1.2279043,-3.4403892,-0.79274493
-0.090820566,-1.7446029,0.73192567,-0.7498059,-0.9218645,-0.5506667,0.038931724,-0.2528286,-0.22169042,-2.0921385,0.5081674,0.70235,0.9773397,0.16518795,0.37825584,1.0452968,1.3064775,-0.37757066,0.5380176,0.2847124,-0.04242424,-0.24349427,-0.6296635,-0.8910166,0.88980323,0.45049578,-0.84780514,0.8216578,-0.7960275,-0.6812255,-1.3420227,-0.5483198,-1.0150669,-1.2037789,-0.33927852,-1.1221018,-0.47779572,-0.8910787,1.2325459,0.6954028,1.584222,-0.50171876,-0.26030034,0.05119411,1.3203418,-0.74676526,-0.40707368,2.9429493,-0.65802175,2.0887659,-0.22181244,-0.07043612,-1.3527908,0.2466065,-0.13379288,0.6750911,0.9495725,0.7980193,1.9527556,1.7900512,0.31362712,0.85509866,-0.53465676,1.426622,-0.6561714,1.2449279,2.2196035,-0.20312893,-1.3071666,0.17265904,0.5134933,-0.54871804,-0.6735504,1.0547776,1.380821,-2.2142143,-0.20933923,-0.8738401,-0.22073868,0.8429458,0.24314934,-2.254233,0.1284059,-0.003325447,1.501576,0.72290236,1.7744308,0.6554926,-2.2477021,0.6532707,0.31698906,1.191506,-0.5765125,1.2653862,1.2795289,0.040761966,0.29432926,0.66165525,0.096228465,-0.9739532,-0.16976729,-0.15793285,-0.31011203,-1.3228204,-0.11641042,0.8881211,0.461718,-1.3903277,1.2785019,0.74164116,0.36410058,-1.3765032,-0.23855746,-0.24978729,1.0152458,-0.2801264,1.266296,-0.42002144,0.9147993,0.76698655,0.4490164,0.1972479,1.4613351,-0.79422534,0.2697193,0.43521082,-0.07388061,-1.4228158
0.22868168,-0.8891303,-0.27304736,0.2680506,-1.1357495,0.989195,-0.32197276,-0.08909996,-1.5050658,-0.6935609,-0.22049317,-0.51168984,-0.68830186,0.45188424,0.004862038,-0.06283263,0.8924402,1.5455385,-0.12842166,-1.0779355,-1.1079466,-0.4837537,-1.8390086,-3.556914,1.6789435,-0.5499993,1.13483,0.442755,0.6866591,-1.7897453,-0.44502044,-1.9156142,-2.3538876,-1.6134112,-0.6868376,0.22433102,-0.6766628,0.46861774,1.4237397,-1.3677274,1.181737,-1.2942009,-0.71213114,1.2678068,0.8248971,-0.24185136,-0.09759694,1.2610329,-0.57426226,0.5971863,-0.5603047,-0.41970474,-0.7622339,1.9150476,1.1547943,0.38698655,0.93640995,-0.6344744,0.51012623,1.3980716,0.033655405,0.92357355,-1.4282684,2.2168422,-0.24506183,1.7123528,1.8719773,-1.2441053,-0.10967113,1.4432403,-1.158048,-0.8532794,-2.269566,1.5260459,1.2258682,-1.548531,0.10193167,-1.11849,-1.1835134,2.6980798,-1.0024648,-0.8574153,-0.2233131,0.16862527,1.4888582,0.51206464,0.9590481,0.23714557,-1.5228633,-0.15701571,0.44135123,2.5405197,-1.2790067,0.35445964,1.3071496,-1.0909339,0.3663867,0.95476556,-0.003232509,-1.7312773,0.39589295,-0.96036,-0.43384033,-1.928689,-0.26051128,-1.1380844,1.523171,-2.2248492,1.1307669,0.40948218,0.7189001,-0.6014324,-1.0612106,-0.56275785,0.45068386,1.0119402,-0.59618294,-0.23588504,1.2267154,1.8676533,0.13783763,-0.121515825,1.4371905,-1.0161092,0.9550154,0.7712473,-1.251961,-0.5981113
-0.28582892,-0.5950492,0.49001393,0.15000203,1.0464725,0.42578527,0.6207361,-1.0944499,-1.4239044,-0.12410471,0.33782074,-0.083378494,-0.05240198,0.52167565,0.49472684,0.067727536,-0.023022339,1.0519873,-1.1040317,-0.14850871,-1.126802,-0.59600663,-0.7716669,-1.762922,1.5672224,-0.85314095,-0.1079457,-0.39038417,-0.12824461,-0.97968954,-0.9518812,-0.9656644,-0.83417064,-2.4822013,-0.56760275,-0.28903502,-0.6857121,-0.06166482,1.6982173,-0.5097939,0.879859,-1.0110517,-0.20065033,1.0422913,0.956646,1.1030264,-0.34835064,2.08305,-0.8187562,1.7299355,-1.1544443,-1.6924372,-0.2641479,1.7413416,0.31182894,-0.532074,1.4274075,-0.3676436,-0.08770188,1.9252948,-0.89112407,1.5356672,-1.5069602,0.25517142,0.025701813,1.4055247,2.4865072,0.22604486,-0.517355,0.05067824,-1.8780153,-0.25124064,-1.8658128,0.7244011,1.6856706,-0.9050279,-0.22594918,-0.058026716,-1.1658125,1.4094951,-0.45174828,-0.66615915,0.5244689,0.23700507,-0.075796664,0.5380612,1.6149877,0.30240425,-2.2125325,-0.04639549,0.877088,0.67812765,-0.94559103,0.21684216,0.96896076,-1.4517609,-0.4556147,0.5270758,-0.5509046,-0.6862333,1.3769331,0.35481262,-0.8368749,-1.6581453,0.7192054,0.55633235,1.053131,-2.0065744,0.5599385,-0.13385698,-0.77658147,-0.1913553,-1.1357602,0.1891896,1.3571469,0.47632766,-0.79190105,-0.43521252,1.5811527,0.9195433,0.58673704,0.27200046,1.9827245,-0.96275574,1.3043429,-0.7565837,-1.0049539,-0.45156926
-2.175366,-2.3048573,0.46233115,-1.4546987,2.5186934,2.648666,-2.6000443,1.3363318,0.000127494,-0.6738422,0.40655214,-2.5401604,0.86814916,0.39878568,0.23490173,-0.91738015,0.075704545,-0.8727896,-1.3973057,0.64288664,-2.1840007,0.53823125,-0.20994723,-1.5411129,0.9600324,-3.3054917,-2.9720469,-0.34703824,-0.17362818,0.3056593,-1.2220387,1.1702614,1.3069865,-0.27795506,1.2268761,2.331197,-0.78309786,0.39422172,0.5214331,-2.218756,0.33368134,0.75259376,-0.73994493,0.6074572,0.8326745,-0.5666913,0.18952432,-1.6742274,-0.17449103,-0.6927849,1.0403037,0.87708515,0.37213212,1.3239688,-0.48634708,-1.3852654,0.20019065,0.91679925,-0.4336365,-0.06218031,-0.83913475,-1.7031982,0.9335328,-0.21933472,0.6562411,0.62035596,1.0844439,-1.3426675,-1.2820283,-0.3438086,1.5710845,0.40508202,0.72869134,-1.1222295,1.1178287,0.092947714,0.911551,-1.9642441,-0.2774014,-0.1878293,-0.53733695,-0.7014326,0.6921655,0.5712632,-0.6104047,0.49147183,1.1636171,0.50000906,0.024390437,0.79343873,0.3301084,-0.012972355,0.10110064,-0.8228959,1.5158836,-0.53115886,-1.8261672,0.6593675,0.4846928,0.28410104,-0.74705243,-1.2421756,0.7541523,0.9141805,-0.9236948,1.432787,1.1611149,0.74510366,1.4699267,-0.60314524,0.26115593,-1.6761599,0.040795915,-1.7211169,-0.033682168,0.69702804,0.6759286,0.5771651,0.6104243,-0.10780134,0.6383919,-1.6304018,1.5641495,0.8174571,-0.7546042,-1.0828854,-2.6051104,-1.2025192
-3.2394168,-2.0230634,0.34302372,-0.97048426,2.255062,2.705162,-1.2229625,0.9829726,-0.41178817,-0.29365492,0.04626003,-0.85217243,2.801421,0.59287375,0.43370968,-1.8663251,0.2439344,0.9311451,-1.74766,-0.1029163,-1.3457007,-1.167016,-0.8401396,0.24375623,0.5597528,-2.1647005,-2.788914,-1.566018,-0.013585478,-1.0819564,0.21502393,0.38902402,0.44041204,-1.5250417,-0.27461395,1.6240387,-1.2146567,0.62202215,1.4869349,-2.1349652,1.5072618,1.3137026,-1.5999395,0.9972691,0.5718277,-1.2218164,-0.6468081,-1.9516641,-1.0576571,1.1850419,1.7167687,1.5447487,-1.2349207,0.88286895,0.38944408,-1.8050138,0.36824328,-0.34128204,-0.5063753,-0.35722297,-0.95807046,-1.357272,-1.5861528,1.0881724,-0.29799318,0.62127817,0.042360656,-1.9388467,-0.47894484,1.1697298,0.012060061,-1.1415713,-1.0929422,-1.4330002,1.8904748,0.39435947,1.3295963,-3.2121487,-1.4777187,-1.7732698,-0.9998715,-1.3033187,-0.6026597,0.59237933,-1.2596014,0.57848674,2.1222167,-0.9924183,-0.41936356,0.048815742,-0.73086196,0.100645676,0.082451805,-1.5657096,0.75485134,-0.7548054,-0.7953646,1.2845643,-0.48173183,1.3096735,-0.38746363,-1.0642812,1.8000784,0.5836568,-0.8369657,0.13351433,2.7129276,-0.29218128,1.8453456,-0.40824383,0.84681416,-2.1441443,-0.38586038,-0.608161,0.45165318,1.627198,0.6862943,-0.7653966,0.7489341,0.73897284,-0.018481843,-1.2030745,0.5673847,0.13842054,0.37226555,-1.6903746,-1.5295902,-0.42707393
-2.4597673,-1.5260056,-0.027096063,-0.5602837,1.583582,2.0077145,-0.129534,2.2336154,-1.3464069,-0.43965465,-0.72949135,0.023715958,2.6018052,0.30061463,1.5497855,0.092592224,1.4866467,0.17105332,-1.0706147,-0.28880036,-1.1789097,-1.708109,0.5012673,-0.35786432,1.8589724,-3.0952404,-2.208519,-0.814119,0.06021238,-0.5581652,0.36245543,0.3915326,0.69774973,-1.6609647,-0.002421632,1.8070569,-0.76928365,0.2434789,2.4673755,-1.2004122,1.7575136,-0.26457226,-0.93102556,1.1471345,2.186089,-0.74336964,-0.28184742,-1.9349663,-1.4758694,0.87097156,1.2664205,0.41404656,-1.3754599,0.7438319,0.15870903,-1.2432001,-0.4228531,-0.042723615,0.006985031,0.62975675,0.014679275,-0.906185,0.06348279,2.5611255,0.6470166,-0.30954733,0.970164,-1.7570211,-2.0106058,0.54534817,0.12828323,-1.819446,-1.4532057,-1.2765293,1.9348037,-0.2246675,0.6792004,-3.2358427,-1.0281419,-1.5694041,-1.762103,-1.4378184,0.6833358,0.24585785,-1.1422446,-0.30143166,0.75583816,-0.26842952,0.25038457,-0.36308295,-1.32429,0.80341613,0.33229887,-1.5309418,1.1973858,0.40176412,-1.5246165,0.22474372,0.019946486,-0.19819063,-0.36804757,-0.85011125,1.278134,0.3628131,-1.7517178,-0.4946016,1.1594608,0.99154294,1.680074,0.420236,1.727633,-2.0496833,0.3059929,-0.71225417,0.9233676,1.4800653,0.30774158,0.2983608,-0.3002693,-0.47148788,0.6457468,-0.724084,1.2841665,0.5057481,1.4680248,-1.9303385,-0.80082643,-1.8618654
-1.869965,-0.7486975,-0.69688785,-0.8033522,0.63379276,1.1741375,-0.74383456,1.9703401,-0.30136412,-0.5345324,1.0907574,-1.6241243,1.867513,1.102782,0.5848169,0.20204009,0.17905104,0.28796387,-1.286055,1.1265111,-1.8768895,-0.30538487,-0.32797152,-0.41754985,-0.4353698,-1.0197607,-2.4597259,-1.0520905,0.14413127,-0.4097157,-1.0153762,0.5383405,-0.08143898,-1.5758431,0.31380877,0.47533637,0.38464084,0.03852071,1.8235976,-0.69096446,1.1276487,0.39158365,-0.69824547,1.7558903,1.234838,-0.2947736,-0.35740024,-2.6173832,-1.7004504,1.0440365,2.1470077,0.9361511,-1.223175,0.23154226,0.2608892,-1.5780125,0.7296309,-0.3550684,-1.1636944,0.9008036,-0.9895511,-1.3253596,-0.6742438,1.3231556,0.2403179,1.031272,0.21620715,0.59910834,-0.020905875,0.6962147,0.61744696,0.09120966,1.2793494,-1.5772924,0.62855655,0.35251653,0.4451278,-2.3185892,-0.432802,-0.9857228,-0.37311602,0.6837708,0.6474196,0.59679276,-0.3147716,0.84204906,1.6615946,0.31070268,-0.043973505,-0.88159597,-0.13704807,-1.0622561,-0.6301408,-1.66634,0.35516688,0.69751656,-0.48316824,2.246645,0.5719231,-0.19389534,-1.2134926,-1.6150535,1.0566885,-0.02110824,-0.8085525,0.41123298,2.8676186,-0.19074301,0.10124081,-0.956033,0.076704696,-2.2759054,-0.40763676,0.18478249,-0.49464604,1.6462553,-0.64610493,-1.3161482,0.15959564,-0.116381876,-1.0604203,-0.9393127,0.6680476,1.1672732,0.17395878,-1.972145,-2.0295954,-0.3922597
-0.071568996,-0.82502604,0.009738803,-1.4564321,1.574273,1.7137219,-0.8180675,2.5018895,-0.13718852,-1.3792055,0.20772266,1.1595013,1.1470656,-0.6527459,-0.17927513,0.37283266,1.3231078,1.56351,-0.8559885,0.48098898,-2.022362,-0.16024438,-1.3810606,0.28363562,0.12030433,-2.1524196,-1.6577587,0.00490046,-0.95183134,-1.2881374,-1.18625,0.33989093,2.1098425,0.27906978,1.3136399,1.2203915,-0.27543333,-0.4382278,0.21485883,-0.80791473,0.894438,0.99732447,0.5310573,1.1049851,2.5075305,0.13480908,0.31149843,-2.0953927,-1.0071677,0.6847104,1.5767751,0.8780393,-2.6687245,0.59195954,-0.1579944,-0.6017784,0.16848227,-0.2782686,0.43248737,0.16905667,0.6633229,-2.0059338,-0.017014578,0.68720514,-0.13734159,0.67235965,1.7857075,-0.3530036,-1.321396,0.30192983,0.7529528,-0.10756467,-0.9269786,-0.35862207,1.5434438,-0.11776055,-0.4832184,-1.90135,-1.079317,-0.9508066,-1.0709969,-1.8598928,-0.83916366,0.38407224,-1.4372272,0.2572292,1.7199562,0.30386522,0.8469208,-1.1735721,0.43777552,0.34327608,0.42017502,-1.119565,0.8225894,0.5468977,-1.5141705,-0.10329995,-0.13916989,0.51199836,0.19271491,-0.9174426,0.29286683,-1.3020937,-1.0325742,1.1912022,1.8104501,-0.23283987,2.142551,-0.6190871,-0.29540437,-1.2024608,-0.19954324,-0.28855878,0.8844682,2.0351386,0.04493349,-0.4303216,-0.9521037,0.7816089,0.33974063,-1.144846,0.1043638,1.3155682,-0.37359792,-2.0564287,-0.7765124,-0.122682035
-1.2501534,-0.6413397,0.8439059,-1.7620625,1.5023477,0.5156317,0.34381855,1.8950443,0.2433329,-1.1340895,0.4603272,-0.77664655,1.3438748,1.1572684,-0.9241779,0.020327225,0.98342454,-1.0177214,-0.35863787,1.0697064,-1.9023094,-1.0136722,-0.76281226,-0.6709424,1.0879215,-2.3136346,-1.4611521,-1.3173984,-0.579027,-1.368798,-0.17748293,-0.6351205,1.4785477,-0.55551714,0.45656168,1.636322,-0.56103307,-0.22509822,1.4297678,-0.9295547,0.9542662,0.46849898,-0.8731542,0.4769126,1.405954,-5.56E-05,0.8983915,-0.9056975,-1.9939685,0.051905237,1.6659412,1.2466838,-1.0575247,1.0347257,-0.35698178,-1.4316373,-0.33475417,-0.20117521,-0.41816136,-0.9564352,0.4687099,-0.9532555,0.1225079,1.6022222,-0.3973711,0.30485755,0.70164335,-0.278004,-2.7925668,0.9803444,1.7789882,-0.45923316,-1.6396242,-1.5809199,2.3125374,0.6756056,-0.08834789,-1.2758808,-1.5211369,-0.9690831,-1.3008828,-0.29676282,0.27341595,0.4333468,-0.6544174,0.59929544,2.8351808,-0.2939879,-0.2602098,-0.5968749,-0.9502819,-0.25528288,-0.9002649,-0.32252437,0.69443727,-0.003535412,-1.0389749,1.2026675,-0.9905609,-1.1963683,-1.0024157,0.25375706,-0.9945188,-0.7990142,-0.752833,1.0859993,0.5193406,0.023818936,2.6090248,-0.3103106,-0.15898308,-1.2754196,0.8860867,-0.8881508,-1.0418279,1.2556696,-0.50077087,-1.36122,-0.04719183,0.4487115,-1.3087771,-0.7679151,1.0345231,1.3620334,0.12926002,-1.5064156,-0.2987837,-0.71719146
-2.0213723,0.055144783,-0.33563954,-1.1221867,0.45309132,2.1749346,-0.35398448,1.9037311,-2.114042,-1.6590946,0.25664148,-0.6225054,1.2572582,-0.15879028,0.5760482,0.11521116,1.3300577,0.37701112,-1.0196984,1.0551873,-1.3691146,-0.38193113,0.012675647,1.1814616,1.3356069,-2.3849237,-3.045562,-1.1448418,0.5348014,-0.8070493,0.24617833,0.28935733,0.6362849,-1.4505635,1.8973423,1.2129254,-0.87155914,0.2468233,1.7811222,-1.3251367,1.0258108,0.86170685,-1.0273136,0.47861457,1.606692,-0.3849724,-0.82116276,-3.0341673,-0.4182525,1.3657491,1.3958586,-0.07423058,-0.59492576,0.52595663,-0.4473927,-0.5390174,-0.7363116,0.018926218,-1.5430673,0.9966761,0.4171893,-1.9412272,0.7199631,2.076773,0.062985614,-0.9289112,1.5136106,-1.7402524,-1.6134528,0.5318619,0.31958175,-1.1825578,0.20253398,-1.4995635,1.8797224,-0.36471015,-0.32557192,-2.163643,0.26799095,-0.76456594,-1.8014822,-1.4693091,0.4120821,1.112552,-0.2434881,2.3476696,1.2550776,-0.1407839,0.15092923,-0.49533457,-0.26668894,0.7212554,1.281552,-0.7289267,-0.59963596,0.559236,-1.9028203,0.46433625,-0.03484433,0.35061592,-0.39659485,-0.8024825,-0.28537762,0.72790575,-1.4903673,0.8250654,1.9298521,-0.90450054,2.0179214,-0.5698252,1.32832,-2.2300377,-0.4973408,0.17733747,0.21670917,-0.23252815,0.2771998,0.21232124,1.6391135,0.81693023,1.121488,-0.44886112,1.5448987,0.4899913,-0.2866744,-1.6951447,-1.5556451,-1.2535393
-2.684845,-2.4500935,0.8174331,-1.3539202,1.750802,2.5482473,-1.1288284,1.6982099,0.005912453,-0.59370905,0.274826,-1.2132149,2.1776154,0.814966,1.3213193,-0.65279377,0.2937529,0.90818065,-2.5214176,-0.46554288,-2.3747993,-2.0331326,-1.1400656,-0.1714274,0.79243624,-1.1122053,-2.5544214,-1.2401613,0.021425433,-1.5858157,-0.55689883,-0.27167973,0.78821,-1.9453616,0.10739937,1.3295803,-1.6613872,0.9633266,1.4788829,-1.7907422,1.4903089,0.8176284,-0.92971987,0.14736378,1.1633044,-1.229271,-0.36412117,-2.4425535,-1.7739624,0.392704,1.8341998,1.2523808,-1.627595,0.16679797,0.3781344,-1.2679038,-0.7156113,-0.82881445,-0.97449803,-0.9434073,-1.3237603,-0.88608927,-3.1606536,1.9334682,-0.61206156,0.014372781,1.1232587,-1.4212947,-0.7593105,0.41592917,2.8743675,-0.18174544,-0.5676518,-0.54985267,1.7585685,1.6496584,-0.637127,-2.6722062,-1.5217651,-0.5812643,0.14560908,1.044922,-0.7149612,0.5072236,0.31767288,-0.06338355,1.1055562,-0.7777707,0.42428017,0.101067916,-1.8935374,0.2785931,0.30427033,-0.53302234,1.6793131,0.4817178,-1.5073746,0.26761672,0.69997877,0.38762167,-0.43934986,-0.7663598,0.10640788,0.39620498,-1.908498,-0.43148425,1.1860726,1.5820341,2.9451706,-0.34586832,1.3317177,-1.6139716,-0.044222504,-0.52800566,0.6887771,0.17176901,-0.6702668,-0.7218944,-0.44584382,1.3446567,-1.3122053,-1.4384277,1.5491031,0.4844944,0.68879354,-1.8429732,-1.1293366,-0.53059536
-3.204325,-1.823888,0.682304,-0.8424569,1.1676313,1.278959,-0.4076196,1.7956724,-0.2696607,0.04858824,0.10750045,-1.2140522,1.7368937,0.6508307,0.5680433,-0.6166891,0.639577,0.7239156,-2.3479164,0.8034711,-1.365659,-0.6372961,0.28194675,0.3675425,1.14284,-3.9669473,-2.409928,-0.30096534,-0.43091196,-1.0518172,1.1720301,0.796654,0.5727574,-2.0692856,0.7751855,2.145661,-1.4138606,-0.7027576,2.333166,-1.4729756,1.9501143,0.49879375,-0.8100299,1.3016477,2.4816473,-2.472551,0.47168374,-3.6064887,-1.3609656,0.49659902,1.91734,1.3163886,-0.99517995,2.060904,1.0090209,-1.539069,-0.89890224,0.065333575,-0.9492251,0.4582231,0.0453666,-0.68612045,-0.91373587,2.3926282,1.104168,-0.09898438,0.7555225,-1.2483453,-1.4116273,1.0849361,-0.080532566,-1.8870069,-1.0240271,-2.1609454,1.8704207,-0.8645165,1.4471194,-2.2280104,-0.595227,-1.9132177,-1.5269823,-1.0490544,-0.034736283,2.1633024,-0.44113672,1.6393403,0.7262504,-0.15598182,0.23082428,-0.62900645,-1.4642367,0.8575241,0.528957,-2.3090577,-0.22324586,0.08117677,-1.8769684,0.46845365,-0.9961822,0.81468415,-0.3317156,-1.0688505,1.1240817,0.76366746,-1.5836346,0.6805569,2.5145376,-0.057120368,1.8522961,-0.020425923,-0.001989096,-2.502649,0.0375809,-1.1539128,-0.91268086,1.3120395,-0.25776508,-0.34586528,0.34118235,0.46021456,0.4817921,-0.7724194,1.9032199,0.6501178,0.33589303,-1.4801737,-2.531737,-1.8303372
-1.5269166,-1.8301696,-0.41547018,-1.6105595,0.9378207,0.7411368,-0.5559288,1.6046045,-0.76616883,-1.0009358,1.6809858,-0.7634182,1.2114122,0.9472163,-0.14204004,0.8488683,-0.17039882,-1.6894842,-0.8612158,1.2645233,-1.7212203,-0.83098614,-0.90293247,0.8693485,0.37333715,-1.8207814,-1.5069566,-1.2192185,0.28164193,-0.66255414,0.16837348,-0.57418084,0.9783825,0.76774776,-0.09353579,2.3076177,-0.6208047,0.21250466,1.213852,-1.2903699,0.42701763,0.8909725,-0.8729458,-0.02043865,0.26364514,-1.5359697,-0.25605106,-2.7068617,-0.90528697,1.6619714,1.576443,1.2190797,-1.5061443,-0.6229514,-0.10474859,-1.434189,0.62100226,-0.095372275,-0.8496909,0.018657232,-1.3475654,-0.5011031,0.3052854,1.0377672,0.4364531,1.5690498,0.4810883,-0.59188616,-0.15443341,0.9513705,1.3921088,-1.2676079,0.5724424,0.0457331,1.1729416,0.15905192,-0.34264702,-1.9723139,0.29302996,0.009651836,0.3745038,-1.0079652,0.39353332,0.48455858,-0.07134758,0.08085205,3.339385,0.9323351,1.2396969,-0.5037728,-0.60479337,-0.32774693,-0.35612333,-1.0088826,-0.030410066,0.74052185,-0.4212313,2.048639,0.09974195,1.1390421,-1.9235678,-0.68044376,1.8547882,0.7635082,-1.0247799,1.3922532,1.3061422,0.80963856,1.602021,0.24341038,1.5610569,-1.6689166,-0.14455006,-1.0434455,-1.1289396,1.0139515,-0.19526422,-1.5076706,1.2317742,0.0760178,-0.4813065,-0.6086472,0.58655566,0.67832285,-1.1040388,-1.6597614,-1.9002978,-0.6917101
-2.4360979,-0.5884742,-0.40960115,-1.5137765,1.3450127,2.728292,-0.97885257,2.608732,-0.8857753,0.836686,0.9987464,-1.2400341,1.6254337,1.0916286,0.74278724,-0.6048911,0.52992266,1.0585548,-1.2360283,-0.01638589,-1.9802749,-1.0030739,0.6586701,1.0386295,-0.41364276,-1.741703,-1.6208673,-1.4319911,0.04404313,-0.30752808,1.1831697,-0.6722951,0.71071625,-1.7198272,1.8395239,2.0609398,-1.571165,-0.0958496,2.5111933,-1.4587744,1.632745,1.1538084,-1.019616,0.63788027,1.1225195,-0.771012,-0.3657475,-3.1146767,-1.2663752,-0.046070024,2.0419466,1.0340759,-0.686449,1.1313316,-0.19389388,-2.4766064,0.21048495,-0.053227782,-1.0124629,0.6056036,0.13212764,-0.4493928,-0.96935475,1.0283887,-0.41876566,-0.3305683,0.54169625,-1.7325962,0.6313305,1.9358191,1.6789926,-0.9928622,-0.59380656,-0.098188296,2.5093374,-0.045357697,1.0237724,-1.3567038,-0.22920194,-1.4593238,-0.056981094,0.3690074,0.6176491,1.2325972,-1.1693263,0.69009644,1.5658084,-0.21166599,0.92670876,-0.39278322,-0.25465637,-0.6742804,-0.054712877,-1.9789603,-0.62953424,0.020456575,-0.038299263,1.0161185,-1.2726485,0.88925767,-1.2781421,-2.8549387,0.96751285,0.4633508,-2.498291,-0.50201637,2.8060691,0.43120804,2.1215062,-0.033867605,1.5073462,-2.055172,-1.7302061,-0.63369054,1.6789522,0.40149185,-0.123843625,-0.46864986,0.6689935,1.8788984,-1.2153418,-0.7797792,1.6119719,1.4442997,1.4883167,-3.0520432,-2.2701142,0.07452031
-2.6697721,-1.1077967,0.5189294,-0.6217288,1.4053378,1.7390504,-0.9210867,0.62534374,-1.2066586,0.22940627,0.64760864,-1.2571464,2.282282,0.5925076,0.15002501,-0.8221544,0.93264544,0.45760238,-2.3920295,-0.6291754,-1.159922,-0.7862201,-0.36100456,0.21336523,0.5906296,-2.7030308,-2.736065,-1.3627805,-0.9316667,0.30405134,-0.7582407,0.7071372,0.6512162,-1.8865166,0.68595713,1.2606843,-0.7613133,0.5033654,-0.056509674,-3.013949,0.50284904,1.0651041,-0.64169616,0.81286895,1.1652772,-0.818511,0.08204554,-2.50831,-1.5453727,1.4964854,2.8117595,1.0618675,-1.3866515,1.3344774,0.7631637,-2.71228,-0.08061795,0.034003064,-1.6239159,1.0601822,1.1342176,-0.9074357,-0.8806197,1.082742,0.22128461,0.34522808,0.62714094,-1.8049088,-1.1204532,0.58002305,0.79570377,-1.5651053,-0.84626955,-1.6609861,2.278927,-0.07117209,0.49684107,-3.1251483,-1.4974257,-1.4232345,-0.050345756,-0.79280716,0.017517969,1.617087,-0.18843564,0.79234374,2.2144578,-0.11746877,-0.61650115,-0.6156423,-0.76602775,-0.6825493,-1.3385926,-0.80806994,0.7900462,0.4824892,0.070333,0.92479,-0.113051444,1.6336085,0.013000913,-2.2556214,0.5194652,0.33128718,-1.4580575,1.1720934,2.0964277,0.5468176,1.447426,-0.2544673,0.9148412,-2.2740707,-0.60596687,-2.0013747,0.024782345,0.8221375,-0.55777866,-0.2873563,0.42775404,0.885932,0.13284929,-1.436277,1.512044,1.3620281,0.8702209,-2.1984568,-1.5294127,-0.43501058
